{"cameraMode":{"drawMode":0,"name":"Shaded","section":"Shading Mode"},"sceneLighting":true,"audioPlay":false,"sceneViewState":{"m_AlwaysRefresh":false,"showFog":true,"showSkybox":true,"showFlares":true,"showImageEffects":true,"showParticleSystems":true,"showVisualEffectGraphs":true,"m_FxEnabled":true},"in2DMode":false,"pivot":{"x":5.935791492462158,"y":-3.5929341316223146,"z":20.48274040222168},"rotation":{"x":0.05845693498849869,"y":-0.018866457045078279,"z":0.001103315851651132,"w":0.9981154203414917},"size":3.1720705032348635,"orthographic":false}